"id of xml file","Author","Title","Date"
"_won002wond01_01","anonymous","Het wonderlyk leven en de oorlogs-daden van de kloekmoedige land en zee-heldin","1700"
"leen019heme01_01","Frederik van Leenhof ","Den hemel op aarden","1703"
"lair001groo01_01","Gérard de Lairesse","Groot schilderboek","1707"
"smee001besc01_01","Hendrik Smeeks","Beschrijvinge van het magtig Koninkryk Krinke Kesmes","1708"
"rotg001boer01_01","Lukas Rotgans","Boerekermis","1708"
"luyk001besc01_01","Jan Luyken","Beschouwing der wereld","1708"
"kate002geme01_01","Lambert ten Kate Hz. ","Gemeenschap tussen de Gottische spraeke en de Nederduytsche","1710"
"_ned015nede01_01","anonymous","Nederduitse en Latynse keurdigten","1710"
"zeeu001wolf01_01","Jakob Zeeus","De wolf in 't schaepsvel","1711"
"bruy004reiz01_01","Cornelis de Bruyn","Reizen over Moskovie","1711"
"luyk001gees01_01","Jan Luyken","Geestelyke brieven","1714"
"nieu030regt01_01","Bernard Nieuwentijt","Het regt gebruik der werelt beschouwingen","1715"
"poot001meng01_01","H.K. Poot","Mengeldichten (3 delen)","1716"
"huyd001achi01_01","Balthazar Huydecoper","Achilles","1719"
"_taf002tafe01_01","anonymous","Het groote Tafereel der dwaasheid","1720"
"bidl002panp01_01","Lambert Bidloo","Panpoëticon Batavum","1720"
"kate002aenl01_01","Lambert ten Kate Hz. ","Aenleiding tot de kennisse van het verhevene deel der Nederduitsche sprake (part 1)","1723"
"kate002aenl02_01","Lambert ten Kate Hz. ","Aenleiding tot de kennisse van het verhevene deel der Nederduitsche sprake (part 2)","1723"
"huyd001proe01_01","Balthazar Huydecoper","Proeve van taal- en dichtkunde (4 delen)","1730"
"effe001holl00_01","Justus van Effen","De Hollandse Spectator (part 1)","1731"
"effe001holl00_01","Justus van Effen","De Hollandse Spectator (part 2)","1731"
"effe001holl00_01","Justus van Effen","De Hollandse Spectator (part 4)","1731"
"effe001holl00_01","Justus van Effen","De Hollandse Spectator (part 5)","1731"
"effe001holl00_01","Justus van Effen","De Hollandse Spectator (part 6)","1731"
"bick002dagb01_01","Jacob Bicker-Raye","Het dagboek van Jacob Bicker Raye 1732-1772","1732"
"_nie015nieu01_01","anonymous","Nieuwe verhandeling vande hoofsche welgemanierdheyt","1733"
"heyd010besc01_01","Jan van der Heyden","Beschryving der nieuwlijks uitgevonden en geoctrojeerde slang-brand-spuiten en haare wyze van brand-blussen tegenwoordig binnen Amsterdam in gebruik zijnde","1735"
"swam001bybe01_01","Jan Swammerdam","Bybel der natuure of historie der insecten (part 1)","1737"
"swam001bybe02_01","Jan Swammerdam","Bybel der natuure of historie der insecten (part 2)","1737"
"boer054kort01_01","Herman Boerhaave","Kortbondige spreuken wegens de ziektens","1741"
"hare004leon01_01","Willem van Haren ","Leonidas","1742"
"ruys009alle01_01","Fredericus Ruysch","Alle de ontleed- genees- en heelkundige werken","1744"
"fres003pefr01","Albertus Frese and Christiaan Schaaf","De electriciteit; of Pefroen met het schaeps-hoofd. Ge-electriseerd","1746"
"_wee002weer01_01","anonymous","De weergalooze Amsterdamsche kiekkas","1748"
"wage004vade00_01","Petrus Loosjes Azn. And Jan Wagenaar","Vaderlandsche historie","1749"
"houb005groo01_01","Arnold Houbraken","De groote schouburgh der Nederlantsche konstschilders en schilderessen (3 delen)","1753"
"_kar002karm01_01","anonymous","Karmans kermis-wensch","1754"
"_vol002volm01_01","anonymous","De volmaakte Hollandsche keuken-meid","1754"
"kals003neer01_01","Jan Willem Kals","Neerlands hooft- en wortelsonde","1756"
"_den001denk00_01","","De Denker","1763"
"lann005aanm01_01","Juliana Cornelia de Lannoy","Aan mynen geest","1766"
"goen002vrij01_01","R.M. van Goens","Vrymoedige bedenkingen over de vergelyking der oude dichteren met de hedendaegschen'","1766"
"fran011natu01_01","J. le Francq van Berkhey","Natuurlyke historie van Holland. Deel 1","1769"
"camp013beri01_01","Petrus Camper","Berigt van den zaaklyken inhoud van twee lessen gegeeven aan de leden van de Teken-Akademie te Amsterdam","1770"
"_ong001onge02_01","anonymous","Ongelukkige levensbeschrijving van een Amsterdammer","1773"
"mart021kate01_01","J.F. Martinet","Katechismus der natuur (4 delen)","1777"
"alph002klei01_01","Hieronymus van Alphen","Kleine gedigten voor kinderen","1778"
"mart021klei01_01","J.F. Martinet","Kleine katechismus der natuur voor kinderen","1779"
"hoge007kras01_01","Willem van Hogendorp","Kraspoekol of de droevige gevolgen van eene te verre gaande strengheid jegens de slaaven","1780"
"maru002sche01_01","Martinus van Marum ","Schets der elektriciteit-kunde","1781"
"cape004aanv01_01","Joan Derk van der Capellen tot den Pol","Aan het volk van Nederland","1781"
"wolf016econ01_01","Aagje Deken and Betje Wolff","Economische liedjes","1781"
"stij003leve01_01","Simon Stijl","Het leven van Jan Punt","1781"
"swil002vade01_01","J.H. Swildens","Vaderlandsch A-B boek voor de Nederlandsche jeugd","1781"
"bell002geza01_01","Jacobus Bellamy","Gezangen mijner jeugd","1782"
"perp002onde01_01","Willem Emmery de Perponcher","Onderwijs voor kinderen","1782"
"wolf016hist01_01","Aagje Deken and Betje Wolff","Historie van mejuffrouw Sara Burgerhart","1782"
"camb001klei01","Margareta Cambon-Van der Werken","De kleine Grandisson of de gehoorzaame zoon","1782"
"feit007juli01_01","Rhijnvis Feith","Julia","1783"
"feit007brie00_01","Rhijnvis Feith","Brieven over verscheide onderwerpen (6 delen)","1784"
"corv001toon01_01","Maarten Corver","Tooneel-aantekeningen","1786"
"kink001post01_01","Johannes Kinker","De Post van den Helicon","1788"
"ocke002ontw01_01","Willem Anthonij Ockerse","Ontwerp tot eene algemeene characterkunde (3 delen)","1788"
"paap004reiz01","Gerrit Paape","Reize door het Aapenland ","1788"
"verl015verh01_01","Jan Baptist Chrysostomus Verlooy","Verhandeling op d'onacht der moederlyke tael in de Nederlanden","1788"
"_zin001zing01_01","anonymous","De zingende Kees","1789"
"_vol001volk01_01","anonymous","Volks-liedjens uitgegeeven door de Maatschappij tot Nut van 't Algemeen (5 delen)","1789"
"paap004mijn01_01","Gerrit Paape","Mijne vrolijke wijsgeerte in mijne ballingschap","1792"
"daen003aanz01_01","Herman Willem Daendels","Aan zyne Geldersche en Overysselsche landgenooten","1794"
"post003geza01_01","Elisabeth Maria Post","Gezangen der liefde","1794"
"_ont002ontw01_01","anonymous","Staatsregeling voor het Bataafsche volk 1798","1798"
"toll003proe02_01/","Hendrik Tollens","Proeve van sentimenteele geschriften en gedichten ","1799"
"toll003proe02_01/","Hendrik Tollens","Proeve van sentimenteele geschriften en gedichten ","1799"
"toll003proe02_01/","Hendrik Tollens","Proeve van sentimenteele geschriften en gedichten ","1799"
"wijn001hist01_01","Hendrik van Wijn","Historische en letterkundige avondstonden","1800"
"sieg002rede01_01","Matthij Siegenbeek","Redevoering over het openbaar onderwijs in de Nederduitsche welsprekendheid","1800"
"toll003proe02_01/","Hendrik Tollens","Proeve van minnezangen en idyllen (part 1)","1800"
"toll003proe02_01/","Hendrik Tollens","Proeve van minnezangen en idyllen (part 2)","1800"
"toll003proe02_01/","Hendrik Tollens","Proeve van minnezangen en idyllen (part 3)","1800"
"toll003tuil01","Hendrik Tollens","Tuiltje van geurige dichtbloemen op Franschen bodem geplukt","1803"
"weil004nede01_01","Petrus Weiland","Nederduitsche spraakkunst","1805"
"moen006lett01","Petronella Moens","Letter-kransje voor lieve en brave kinderen ","1806"
"haff003lotg01_01","J.G. Haafner","Lotgevallen op eene reize van Madras over Tranquebaar naar het eiland Ceilon","1806"
"kink001brie01","Johannes Kinker","Brieven aan Sophie aan mr. R. Feith","1807"
"moen006klei01","Petronella Moens","De kleine Suse Bronkhorst ","1808"
"bild002kuns01_01","Willem Bilderdijk","De kunst der poëzy","1809"
"kink001proe01","Johannes Kinker","Proeve eener Hollandsche prosodia","1810"
"vrie032proe01_01","Jeronimo de Vries","Proeve eener geschiedenis der Nederduitsche dichtkunde","1810"
"cler017naar01_01","Willem de Clerq","Naar zijn dagboek","1810"
"toll003lier01","Hendrik Tollens","Lierzang bij de verheffing van Zijne Koninklijke Hoogheid Willem Frederik Prins van Oranje en Nassau op den troon der Nederlanden","1815"
"toll003vade01","Hendrik Tollens","Vaderlandsche krijgslied","1815"
"toll003vade02","Hendrik Tollens","Vaderlandsche wapenkreet in maart 1815 ","1815"
"moen006dank01","Petronella Moens","De dankbare Willem of Het huisgezin van den heer Lausbach","1815"
"toll003bijd01","Hendrik Tollens","Bij de geboorte van den jongen prins","1817"
"will028aenb01_01","J.F. Willems","Aen de Belgen. Aux Belges","1818"
"kink001gedi01","Johannes Kinker","Gedichten ","1818"
"bosc036verh01_01","Johannes van den Bosch","Verhandeling over de mogelijkheid de beste wijze van invoering en de belangrijke voordeelen eender algemeene armen-inrigting in het Rijk der Nederlanden door het vestigen eener Landbouwende Kolonie in deszelfs Noordelijk gedeelte","1818"
"bosc036nede01_01","Johannes van den Bosch","Nederlandsche bezittingen in Azia Amerika en Afrika","1818"
"will028verh01_01","J.F. Willems","Verhandeling over de Nederduytsche tael- en letterkunde opzigtelyk de Zuydelyke provintien der Nederlanden","1819"
"bona001gesc00_01","Lodewijk Napoleon Bonaparte","Geschiedkundige gedenkstukken en aanmerkingen over het bestuur van Holland (part 1)","1820"
"wits004biog00_01","P.G. Witsen Geysbeek","Biographisch anthologisch en critisch woordenboek der Nederduitsche dichters (6 delen)","1821"
"cost002bezw01_01","Isaäc da Costa","Bezwaren tegen den geest der eeuw","1823"
"lenn006mekl01_01","Jacob van Lennep","Nederland in den goeden ouden tijd","1823"
"cler017verh01_01","Willem de Clerq","Verhandeling ter beandwoording der vraag welken invloed heeft vreemde inzonderheid de Italiaansche Spaansche Fransche en Duitsche gehad op de Nederlandsche taal- en letterkunde sints het begin der vijftiende eeuw tot op onze dagen?","1824"
"weil004kuns01_01","Petrus Weiland","Kunstwoordenboek","1824"
"moen006klei02","Petronella Moens","Klein geschenk aan de lieve Nederlandsche jeugd","1825"
"witt012frag01_01","Jacob Eduard de Witte","Fragmenten uit de roman van mijn leeven","1825"
"toll003bijd01","Hendrik Tollens","Bij de geboorte van den jongen prins","1831"
"_bel003belg01_01","anonymous","De Belgische grondwet van 7 februari 1831","1831"
"toll003alge01","Hendrik Tollens","De algemeene bededag in Nederland ","1832"
"bild002gesc00_01","Willem Bilderdijk","Geschiedenis des vaderlands. (Deel 1 - 13)","1832"
"lenn006plee01","Jacob van Lennep","De pleegzoon ","1833"
"_muz001muze01","De Muzen (magazine) ","De muzen","1834"
"toll003zang01","Hendrik Tollens","Zangen ter gelegenheid van de algemeene vergadering der Maatschappij: tot Nut van 't Algemeen op dinsdag den 11den Augustus 1835","1835"
"knep001frag01","Johannes Kneppelhout","Fragments de correspondance ","1835"
"groe009arch00_01","G. Groen van Prinsterer","Archives ou correspondance inédite de la maison d'Orange-Nassau (première série)","1835"
"hoff004hora01_01","A.H. Hoffmann von Fallersleben","Horae Belgicae","1836"
"lenn006roos01_01","Jacob van Lennep","De roos van Dekama","1836"
"will028belg00_01","J.F. Willems","Belgisch museum voor de Nederduitsche tael- en letterkunde en de geschiedenis des vaderlands","1837"
"cons001leeu01_01","Hendrik Conscience","De leeuw van Vlaenderen","1838"
"oltm001scha01_01","J.F. Oltmans","De schaapherder","1838"
"beet005wvan01_01","Nicolaas Beets","Camera obscura","1839"
"bosb002huis01_01","A.L.G. Bosboom-Toussaint","Het huis Lauernesse","1840"
"lenn006lotg01","Jacob van Lennep","De lotgevallen van Ferdinand Huyck ","1840"
"_bra005brag00_01","Braga (Magazine)","Braga: dichterlijke mengelingen (part 1)","1842"
"_bra005brag00_01","Braga (Magazine)","Braga: dichterlijke mengelingen (part 2)","1842"
"davi003vade00_01","Jan Baptist David","Vaderlandsche historie (11 delen)","1842"
"koet003sche01_01","C.E. van Koetsveld","Schetsen uit de pastorij te Mastland","1843"
"bosb002vers01","Geertruida Bosboom-Toussaint","Verspreide verhalen ","1843"
"knep001stud04_01","Klikspaan","Studentenschetsen","1844"
"cons001gesc01_01","Hendrik Conscience","Geschiedenis van België","1845"
"groe009onge01_01","G.Groen van Prinsterer","Ongeloof en revolutie","1847"
"lulo001kuns01_01","B.H. Lulofs","De kunst der mondelijke voordracht of uiterlijke welsprekendheid","1848"
"lenn006eliz01","Jacob van Lennep","Elisabeth Musch","1850"
"opzo001wegd01_01","C.W. Opzoomer","De weg der wetenschap","1851"
"crem001leli01","J.J. Cremer","De lelie van 's-Gravenhage ","1851"
"kais003gesc01_01","Friedrich Kaiser","De geschiedenis der ontdekkingen van planeten","1851"
"bril002nede01_01","Willem Gerard Brill","Nederlandsche spraakleer (part 1)","1852"
"bril002nede01_01","Willem Gerard Brill","Nederlandsche spraakleer (part 2)","1852"
"bril002nede01_01","Willem Gerard Brill","Nederlandsche spraakleer (part 3)","1852"
"hoev004slav01_01","W.R. van Hoëvell","Slaven en vrijen onder de Nederlandsche wet","1854"
"bosb002alkm01","Geertruida Bosboom-Toussaint","De Alkmaarsche wees en eenige andere novellen ","1854"
"crem001betu01","J.J. Cremer","Betuwsche novellen","1856"
"crem001dani01","J.J. Cremer","Daniël Sils","1856"
"busk001brie01_01","Cd. Busken Huet","Vragen en antwoorden. Brieven over den Bijbel","1857"
"kram011leve01_01","Christiaan Kramm","De levens en werken der Hollandsche en Vlaamsche kunstschilders beeldhouwers graveurs en bouwmeesters van den vroegsten tot op onzen tijd","1857"
"frui001tien01_01","Robert Fruin","Tien jaren uit den Tachtigjarigen Oorlog","1857"
"hofd001gesc01_01","W.J. Hofijk","Geschiedenis der Nederlandsche letterkunde","1857"
"harr001spre01_01","P.J. Harrebomée","Spreekwoordenboek der Nederlandsche taal","1858"
"bosb002leid01","Geertruida Bosboom-Toussaint","Een Leydsch student in 1593","1858"
"motl001opko00_01","J.L. Motley","De opkomst van de Nederlandsche Republiek (12 delen) (herziene vertaling)","1859"
"holt015luch01_01","W.A. Holterman","De lucht","1859"
"scho082gedi03_01","Gerrit van de Linde ","De gedichten van den Schoolmeester","1859"
"gene002leek01","P.A. de Génestet","Leekedichtjes ","1860"
"heus003socr01_01","Philippus Wilhelmus van Heusde","De Socratische school of Wijsgeerte voor de negentiende eeuw (3de verbeterde uitgave)","1860"
"thor003hist01_01","Johan Rudolph Thorbecke","Historische schetsen","1860"
"mult001maxh15","Multatuli","Max Havelaar. Deel 1. Tekst","1860"
"rem001roma15_01","J.J. Cremer","De reus van Antwerpen","1861"
"heij007alki01_01","Jan Pieter Heije","Al de kinderliederen","1861"
"cost002jpha00_01","Isaäc da Costa","Kompleete dichtwerken (part 1)","1861"
"cost002jpha00_01","Isaäc da Costa","Kompleete dichtwerken (part 2)","1861"
"cost002jpha00_01","Isaäc da Costa","Kompleete dichtwerken (part 3)","1861"
"wolb002gesc01_01","J. Wolbers","Geschiedenis van Suriname","1861"
"mult001idee00_01","Multatuli","Ideën (part 1)","1862"
"bakh003stud00_01","R.C. Bakhuizen van den Brink","Studiën en schetsen over vaderlandsche geschiedenis en letteren (part 1)","1863"
"bakh003stud00_01","R.C. Bakhuizen van den Brink","Studiën en schetsen over vaderlandsche geschiedenis en letteren (part 5)","1863"
"crem001fabr01_01","J.J. Cremer","Fabriekskinderen","1863"
"cali003nieu01_01","I.M. Calisch and N.S. Calisch","Nieuw woordenboek der Nederlandsche taal","1864"
"lenn006verm01","Jacob van Lennep","De vermakelijke spraakkunst","1865"
"lenn006lotg02","Jacob van Lennep","De lotgevallen van Klaasje Zevenster ","1865"
"kate001sche01_01","J.J.L. ten Kate","De schepping","1866"
"lenn006uith01_01","Jan ter Gouw and Jacob van Lennep","De uithangteekens. In verband met geschiedenis en volksleven beschouwd (2 delen)","1867"
"mult001enan01","Multatuli","Een en ander over Pruisen en Nederland ","1867"
"have010mmat01_01","François HaverSchmidt","Snikken en grimlachjes ","1867"
"cost020lege03_01","Charles de Coster","De legende van Uilenspiegel","1867"
"potg001flor01","Everhardus Johannes Potgieter","Florence","1867"
"potg001poez02","Everhardus Johannes Potgieter","Poëzy 1832-1868","1868"
"busk001lide01_01","Cd. Busken Heut","Lidewyde","1868"
"busk001litt27_01","Cd. Busken Heut","Litterarische fantasien en kritieken (26 delen)","1868"
"mult001gstu07_01","Multatuli","De maatschappij tot Nut van den Javaan ","1869"
"_the002thet01_01","anonymous (probably: Cornelis over de Linden Eelco Verwijs and François Haverschmidt)","Thet Oera Linda Bok","1870"
"hild002wbis01_01","Willem van Hildegaersberch","Gedichten","1870"
"crem001kruu01","J.J. Cremer","Kruuzemuntje en andere vertellingen","1870"
"crem001emma01","J.J. Cremer","Emma Berthold ","1870"
"bosb002delf04","Geertruida Bosboom-Toussaint","De Delftsche wonderdokter (part 1)","1870"
"bosb002delf07","Geertruida Bosboom-Toussaint","De Delftsche wonderdokter (part 2)","1870"
"vlot002nede17_01","J. van Vloten","Nederlandsche baker- en kinderrijmen","1871"
"gouw002volk01_01","Jan ter Gouw","De volksvermaken","1871"
"hoof012memo01_01","C.P. Hooft","Memoriën en adviezen (2 delen)","1871"
"limb005akba01_01","P.A.S. van Limburg Brouwer","Akbar een oostersche roman","1872"
"mult001mill01_01","Multatuli","Millioenen-studiën","1872"
"wijn027arbe01_01","Jan Hendrik Wijnen","De arbeid der kinderen in fabrieken","1873"
"crem001hann02","J.J. Cremer","Hanna de Freule","1873"
"crem001nove01","J.J. Cremer","Novellen en vertellingen","1873"
"crem001emma01","J.J. Cremer","Boer en edelman","1874"
"berg062erne01_01","Anton Bergmann","Ernest Staas","1874"
"wink007alge00_01","Johan Winkler","Algemeen Nederduitsch en Friesch Dialecticon (part 1)","1874"
"wink007alge00_01","Johan Winkler","Algemeen Nederduitsch en Friesch Dialecticon (part 2)","1874"
"goev001boek01_01","J.J.A. Goeverneur","Het boek van de mooiste kinder- en volkssprookjes","1874"
"crem001hart01","J.J. Cremer","t Hart op de Vêluw ","1875"
"bosb002majo01","Geertruida Bosboom-Toussaint","Majoor Frans ","1875"
"potg001gedr01","Everhardus Johannes Potgieter","Gedroomd paardrijden ","1875"
"knep001bero01","Johannes Kneppelhout","Een beroemde knaap: ter herinnering aan Jan de Graan geboren te Amsterdam 10 September 1852","1875"
"craa001wand00_01","Jacobus Craandijk","Wandelingen door Nederland met pen en potlood (7 delen)","1875"
"quac001soci00_01","H.P.G. Quack","De socialisten: Personen en stelsels","1875"
"huyg007jour01_01","Constantijn Huygens jr.","Journalen 1673-1696 (part 1)","1876"
"crem001toon01","J.J. Cremer","Tooneelspelers","1876"
"vinc015onec01_01","J. Beckering Vinckers","De onechtheid van het Oera Linda-Bôk","1876"
"have010fami01_01","François Haverschmidt","Familie en kennissen","1876"
"meul014bibl01_01","R. van der Meulen","Bibliografie der technische kunsten en wetenschappen 1850-1875","1876"
"bild004brie01_01","Gerard Bilders","Brieven en dagboek","1876"
"krus003mijn01_01","Mina Kruseman","Mijn leven","1877"
"from002laat01_01","Eugène Fromentin","De laatste groote schilderschool","1877"
"crem001reus02","J.J. Cremer","t Reuske van 't darp","1877"
"hoff014verb01_01","J.H. van 't Hoff","De verbeeldingskracht in de wetenschap","1878"
"geze002fbau01_01","Guido Gezelle","Dichtwerken (deel 1 en 2)","1878"
"bier009bouw01_01","David Bierens de Haan","Bouwstoffen voor de geschiedenis der wis- en natuurkundige wetenschappen in de Nederlanden","1878"
"busk001land04","Cd. Busken Huet","Het land van Rubens ","1879"
"bosb002lang02","Geertruida Bosboom-Toussaint","Langs een omweg ","1879"
"alex004verm01_01","Alexander (prins der Nederlanden) ","Een vermoedelijk slotwoord","1879"
"bosb002raym01_01","Geertruida Bosboom-Toussaint","Raymond de schrijnwerker","1880"
"snou004mekk01_01","Christiaan Snouck Hurgronje","Het Mekkaansche feest","1880"
"cons001gesc02_01","Hendrik Conscience","Geschiedenis mijner jeugd","1880"
"rode002gudr01_01","Albrecht Rodenbach","Gudrun","1882"
"enge012uitg01_01","A.W. Engelen","Uit de gedenkschriften van een voornaam Nederlandsch beambte","1882"
"busk001land02_01","Cd. Busken Huet","Het land van Rembrand","1882"
"kame003bete01_01","Heike Kamerlingh  Onnes ","De beteekenis van het quantitatief onderzoek in de natuurkunde","1882"
"beer004onze01_01","Taco H. de Beer","Onze volkstaal","1882"
"troe002itjo01_01","Onno Harmensz Systra and Pieter Jelles Troelstra ","It jonge Fryslân","1882"
"door018verm00_01","Jan Izaak van Doorninck and A. de Kempenaer","Vermomde en naamlooze schrijvers opgespoord op het gebied der Nederlandsche en Vlaamsche letteren (part 1)","1883"
"door018verm00_01","Jan Izaak van Doorninck and A. de Kempenaer","Vermomde en naamlooze schrijvers opgespoord op het gebied der Nederlandsche en Vlaamsche letteren (part 2)","1883"
"door018verm00_01","Jan Izaak van Doorninck and A. de Kempenaer","Vermomde en naamlooze schrijvers opgespoord op het gebied der Nederlandsche en Vlaamsche letteren (part 3)","1883"
"eede003gras01_01","Frederik van Eeden","Grassprietjes (onder ps. Cornelis Paradijs)","1885"
"eint001ster01_01","Willem Einthoven","Stereoscopie door kleurverschil","1885"
"stok001wgbr01_01","Melis Stoke","Rijmkroniek","1885"
"kloo003onbe01_01","Willem Kloos and Albert Verwey","De onbevoegdheid der Hollandsche literaire kritiek","1886"
"_arb001jgie00_01","anonymous","De arbeidsenquête van 1887 (part 1) ","1887"
"_arb001jgie00_01","anonymous","De arbeidsenquête van 1887 (part 2)","1887"
"_arb001jgie00_01","anonymous","De arbeidsenquête van 1887 (part 3)","1887"
"stok012nati01_01","B.J. Stokvis","Nationaliteit en natuurwetenschap","1887"
"roor007uith01_01","S.E.W. Roorda van Eysinga","Uit het leven van Koning Gorilla","1887"
"deys001lief01_01","Lodewijk van Deyssel","Een liefde","1887"
"huyg003oeuv00_01","Christiaan Huygens","Oeuvres complètes (22 delen)","1888"
"bran038biog01_01","F.Jos van den Branden and J.G. Frederiks","Biographisch woordenboek der Noord- en Zuidnederlandsche letterkunde","1888"
"scho153gest01_01","Jac. Schoondermark","Gestoorde stoelgang en zijne behandeling met electriciteit massage en water","1888"
"coup002elin01","Louis Couperus","Eline Vere. Een Haagsche roman ","1889"
"stoe002midd01_01","F.A. Stoett","Middelnederlandsche spraakkunst. Syntaxis","1889"
"simo021trac01_01","Menno  Simons","Tractaten over den doop het avondmaal enz.","1889"
"gort004mei_01_01","Herman Gorter","Mei","1889"
"verr014rica01_01","C.A. Verrijn Stuart","Ricardo en Marx","1890"
"verd003uitd01_01","J. Verdam","Uit de geschiedenis der Nederlandsche taal","1890"
"gort004verz01_01","Herman Gorter","Verzen ","1890"
"stra018opvo01_01","Louise Stratenus","De opvoeding der vrouw","1891"
"kiev001leve01_01","C.J. Kieviet","Uit het leven van Dik Trom","1891"
"hert003nede01_01","C.H. den Hertog","Nederlandsche spraakkunst","1892"
"blok013gesc00_01","P.J. Blok","Geschiedenis van het Nederlandsche volk (part 1)","1892"
"blok013gesc00_01","P.J. Blok","Geschiedenis van het Nederlandsche volk (part 2)","1892"
"blok013gesc00_01","P.J. Blok","Geschiedenis van het Nederlandsche volk (part 3)","1892"
"blok013gesc00_01","P.J. Blok","Geschiedenis van het Nederlandsche volk (part 4)","1892"
"kiev001fulc01_01","C.J. Kieviet","Fulco de minstreel","1892"
"rode004brug01_01","Georges Rodenbach","Bruges-la-Morte","1892"
"coen006verv01_01","Frans Coenen","Verveling","1892"
"heij011trin01_01","Herman Heijermans","Trinette","1892"
"scha024mens00_01","H.J.A.M. Schaepman","Menschen en boeken. Verspreide opstellen (part 1)","1893"
"scha024mens00_01","H.J.A.M. Schaepman","Menschen en boeken. Verspreide opstellen (part 2)","1893"
"scha024mens00_01","H.J.A.M. Schaepman","Menschen en boeken. Verspreide opstellen (part 3)","1893"
"scha024mens00_01","H.J.A.M. Schaepman","Menschen en boeken. Verspreide opstellen (part 4)","1893"
"scha024mens00_01","H.J.A.M. Schaepman","Menschen en boeken. Verspreide opstellen (part 5)","1893"
"muli004wint01_01","Pim Mulier","Wintersport","1893"
"eman001nage01_01","Marcellus Emants","Een nagelaten bekentenis","1894"
"_mid002midd01_01","anonymous","Middelnederlandsche geneeskundige recepten en tractaten zegeningen en tooverformules","1894"
"kloo003verz01_01","Willem Kloos","Verzen ","1894"
"verh070poem02_01","Émile Verhaeren","Poèmes","1895"
"kloo003veer05_01","Willem Kloos","Veertien jaar literatuur-geschiedenis 1880-1893","1896"
"jong063hild01_01","Cécile de Jong van Beek en Donk","Hilda van Suylenburg","1897"
"maur005indr01_01","Justus van Maurik","Indrukken van een 'Tòtòk'","1897"
"gort004scho01","Herman Gorter","De school der poëzie","1897"
"cole002patr00_01","H.T. Colenbrander","De patriottentijd (part 1)","1897"
"cole002patr00_01","H.T. Colenbrander","De patriottentijd (part 2)","1897"
"cole002patr00_01","H.T. Colenbrander","De patriottentijd (part 3)","1897"
"bont014rege01_01","Hans Bontemantel","De regeeringe van Amsterdam soo in 't civiel als crimineel en militaire (1653-1672)","1897"
"heim004heie01_01","Eli Heimans and Jac. P. Thijsse","Hei en dennen","1897"
"asse013inst01_01","Tobias Michael Carel Asser","Institut de Droit International: session de La Haye","1898"
"eijk010over01_01","Christiaan Eijkman","Over gezondheid en ziekte in heete gewesten","1898"
"froi002npau00_01","Jean Froissart","Cronyke van Vlaenderen (part 1)","1898"
"froi002npau00_01","Jean Froissart","Cronyke van Vlaenderen (part 2)","1898"
"froi002npau00_01","Jean Froissart","Cronyke van Vlaenderen (part 3)","1898"
"froi002npau00_01","Jean Froissart","Cronyke van Vlaenderen (part 4)","1898"
"heij011diam01_01","Herman Heijermans","Diamantstad","1898"
"heij011kame01_01","Herman Heijermans","Kamertjeszonde","1898"
"heij011numm01_01","Herman Heijermans","Nummer tachtig","1898"
"coup002psyc02","Louis Couperus","Psyche","1898"
"eman001krie01_01","Marcellus Emants","Een kriezis","1898"
"kuyp002calv01_01","Abraham Kuyper","Het calvinisme. Zes Stone-lezingen","1899"
"heim004geil01_01","Eli Heimans Hein Willems Heinsius and Jac. P. Thijsse","Geïllustreerde flora van Nederland","1899"
"coup002stil01","Louis Couperus","De stille kracht ","1899"
"cant003twee01_01","Bernard Canter","Twee weken bedelaar","1900"
"eede003vank01_01","Frederik van Eeden","Van de koele meren des doods","1900"
"naef002scho01_01","Top Naeff","School-idyllen","1900"
"heij011opho01_01","Herman Heijermans","Op hoop van zegen","1900"
"coup002stil01_01","Louis Couperus ","De stille kracht","1900"
"heij011eenm01_01","Herman Heijermans","Eén mei","1900"
"lore002zich01_01","H.A. Lorentz","Zichtbare en onzichtbare bewegingen","1901"
"wink002gesc01_01","Jan te Winkel","Geschiedenis der Nederlandsche taal","1901"
"krie005well01_01","Johann Bernard Krier","De wellevendheid (Ned. bewerking A.F. Diepen)","1902"
"perk001jacq01_01","Betsy Perk","Jacques Perk","1902"
"vrie101theo01_01","Hugo de Vries","'Theorie en ervaring op het gebied der afstammingsleer'","1902"
"rola003kapi01_01","Henriette Roland Holst-van der Schalk","Kapitaal en arbeid in Nederland","1902"
"stoe002nede01_01","F.A. Stoett","Nederlandse spreekwoorden spreekwijzen uitdrukkingen en gezegden","1902"
"pire002gesc00_01","Henri Pirenne","Geschiedenis van België (7 delen)","1902"
"winn006door01_01","August de Winne","Door arm Vlaanderen","1903"
"heij011bloe01_01/","Herman Heijermans","Bloeimaand","1903"
"buys009gezi01_01","Cyriel Buysse","Het gezin Van Paemel ","1903"
"boll004zuiv01_01","G.J.P.J. Bolland","Zuivere rede en hare werkelijkheid","1904"
"wolf016jdys01_01","Aagje Deken and Betje Wolff","Brieven van Betje Wolff en Aagtje Deken","1904"
"verm011last01_01","Gustaaf Vermeersch","De last","1904"
"thij015voge01_01","Jac. P. Thijsse","Het vogeljaar","1904"
"graf001midd01_01","C.C. van de Graft ","Middelnederlandsche historieliederen","1904"
"heij011klei01","Herman Heijermans","Kleine verschrikkingen ","1904"
"haan008pijp01_01","Jacob Israël de Haan","Pijpelijntjes","1904"
"haan008rdel01_01","Jacob Israël de Haan","Open brief aan P.L. Tak","1905"
"scha042spro01_01","Margo Scharten-Antink","Sprotje","1905"
"heij011alle01_01","Herman Heijermans","Allerzielen ","1905"
"heij011meid01","Herman Heijermans","De meid","1905"
"love002revo01_01","Virginie Loveling","Een revolverschot","1905"
"gort004klei01","Herman Gorter","Een klein heldendicht","1906"
"heij011klei02_01","Herman Heijermans","Kleine vertelsels","1906"
"coup002vano01","Louis Couperus ","Van oude menschen de dingen die voorbijgaan...","1906"
"such003quia01_01","Nico van Suchtelen ","Quia absurdum","1906"
"fred002sche01_01","Paul Fredericq","Schets eener geschiedenis der Vlaamsche Beweging","1906"
"veld072kunj01_01","K. de Boer and J. Veldkamp ","Kun je nog zingen zing dan mee!","1908"
"ridd002onze00_01","André de Ridder and Herman Robbers","Onze schrijvers geschetst in hun leven en werken (part 1)","1908"
"ridd002onze00_01","André de Ridder and Herman Robbers","Onze schrijvers geschetst in hun leven en werken (part 2)","1908"
"waal018over01_01","J.D. van der Waals","Over de vraag naar de meest fundamenteele wetten der natuur","1909"
"savo001heri01_01","Anna de Savornin Lohman","Herinneringen","1909"
"lins001itin07_01","Jan Huyghen van Linschoten","Itinerario voyage ofte schipvaert naer Oost ofte Portugaels Indien 1579-1592 (3 delen)","1910"
"dome001chri01_01","Ferdinand Domela Nieuwenhuis ","Van christen tot anarchist","1910"
"huyg001jawo02","Constantijn Huygens","Briefwisseling (6 delen)","1911"
"molh003nieu00_01","P.J. Blok and P.C. Molhuysen ","Nieuw Nederlandsch biografisch woordenboek (10 delen)","1911"
"brus002ross01_01","M.J. Brusse","Het rosse leven en sterven van de Zandstraat","1912"
"quac001heri01_01","H.P.G. Quack","Herinneringen uit de levensjaren van Mr. H.P.G. Quack 1834-1913","1913"
"roes010mode01_01","K.H. Roessingh ","De moderne theologie in Nederland","1914"
"gogh006brie00_01","Vincent van Gogh ","Brieven aan zijn broeder (3 delen)","1914"
"stra007armv01_01","D.A. Stracke","Arm Vlaanderen","1914"
"benj004ency01_01","Herman Daniël Benjamins and Joh. F. Snelleman","Encyclopaedie van Nederlandsch West-Indië","1914"
"love002oorl01_01","Virginie Loveling","In oorlogsnood","1914"
"gort004impe01_01","Herman Gorter","Het imperialisme de wereldoorlog en de sociaal-democratie","1915"
"kooi028gids01","D. Kooiman","Gids voor iedereen","1915"
"schu012afce01_01","J.B. Schuil","De A.F.C.-ers","1915"
"scho003nieu01_01","M.H.J. Schoenmaekers","Het nieuwe wereldbeeld","1915"
"zern002mech01_01","Frits Zernike","De mechanica der kleinste deeltjes","1915"
"turk004turk01_01","D. Turkenburg","Turkenburg's handboekje voor het kweeken van groenten in den vrijen grond","1915"
"leop004verz04_01","J.H. Leopold","Verzameld werk (2 delen)","1916"
"bree010stom01_01","Johanna Breevoort","Stomme zonden","1916"
"verw008holl01_01","Albert Verwey","Holland en de oorlog","1916"
"cler016nood01_01","René de Clercq","De noodhoorn","1916"
"timm010pall01_01","Felix Timmermans","Pallieter","1916"
"ligt002vers01_01","Jan Ligthart","Verspreide opstellen","1916"
"ginn001roma01_01","Jac. Van Ginneken","De roman van een kleuter","1917"
"ginn001rege01_01","H.J.E. Endepols and Jac. Van Ginneken ","De regenboogkleuren van Nederlands taal","1917"
"boen003vang01_01","Daan Boens","Van glorie en lijden","1917"
"viss002jawo01_01","Maria Tesselschade Roemer Visschersdr","Een onwaerdeerlycke vrouw. Brieven en verzen van en aan Maria Tesselschade","1918"
"cauw004lied01_01","August van Cauwelaert","Liederen van droom en daad","1918"
"huls013peer01_01","W.G. van de Hulst","Peerke en z'n kameraden","1919"
"_gro002191901_01","Groot Nederland (magazine)","Groot Nederland. Jaargang 17","1919"
"huiz003herf01_01","Johan Huizinga","Herfsttij der Middeleeuwen","1919"
"moen007celb01_01","Wies Moens","Celbrieven","1920"
"pill001onde01_01","Filip de Pillecyn and Jozef Simons","Onder den hiel","1920"
"clae004witt01_01","Ernest Claes","De Witte","1920"
"wess008muzi01_01","Constant van Wessem","De muzikale reis","1920"
"worp001gesc03_01","J.A. Worp","Geschiedenis van den Amsterdamschen schouwburg 1496-1772","1920"